MediaID	TaxonID	Type	Subject	Rating	Audience	Title	Description	CreateDate	BibliographicCitation	AccessURI	ReferenceID
1373826	urn:lsid:organismnames.com:name:1373826	http://purl.org/dc/dcmitype/Text	http://eol.org/schema/eol_info_items.xml#Taxonomy	4	Expert	A new genus for Ione indecora Markham, 1988, a second record for that species, and a new congeneric species from Australia (Crustacea: Isopoda: Bopyridae: Ioninae)	Original description of "<i>Albunione</i>" published in http://hdl.handle.net/2246/3096.	1999	(1999) A new genus for Ione indecora Markham, 1988, a second record for that species, and a new congeneric species from Australia (Crustacea: Isopoda: Bopyridae: Ioninae). American Museum Novitates, 3258: 1-7	http://hdl.handle.net/2246/3096	6f3b1de264f864e50e02c9c97a233851
1373827	urn:lsid:organismnames.com:name:1373827	http://purl.org/dc/dcmitype/Text	http://eol.org/schema/eol_info_items.xml#Taxonomy	4	Expert	A new genus for Ione indecora Markham, 1988, a second record for that species, and a new congeneric species from Australia (Crustacea: Isopoda: Bopyridae: Ioninae)	Original description of "<i>Albunione australiana</i>" published in http://hdl.handle.net/2246/3096.	1999	(1999) A new genus for Ione indecora Markham, 1988, a second record for that species, and a new congeneric species from Australia (Crustacea: Isopoda: Bopyridae: Ioninae). American Museum Novitates, 3258: 1-7	http://hdl.handle.net/2246/3096	6f3b1de264f864e50e02c9c97a233851
1633489	urn:lsid:organismnames.com:name:1633489	http://purl.org/dc/dcmitype/Text	http://eol.org/schema/eol_info_items.xml#Taxonomy	4	Expert	A new species of Albunione Markham & Boyko, 1999 (Crustacea: Isopoda: Bopyridae: Pseudioninae) from Taiwan	Original description of "<i>Albunione yoda</i>" published in http://dx.doi.org/10.1206/0003-0082(2003)410<0001:ANSOAM>2.0.CO;2.	2003	John C Markham, Christopher B Boyko (2003) A new species of Albunione Markham & Boyko, 1999 (Crustacea: Isopoda: Bopyridae: Pseudioninae) from Taiwan. American Museum Novitates, 3410: 1-7	http://dx.doi.org/10.1206/0003-0082(2003)410<0001:ANSOAM>2.0.CO;2	9c2dffa2fb80aaf287f64239f3f24fee
1790916	urn:lsid:organismnames.com:name:1790916	http://purl.org/dc/dcmitype/Text	http://eol.org/schema/eol_info_items.xml#Taxonomy	4	Expert	A new species of Entophilus Richardson, 1903 (Isopoda: Bopyridae: Entophilinae) from the Gulf of Aqaba, Jordan	Original description of "<i>Entophilus mirabiledictu</i>" published in http://dx.doi.org/10.1651/C-2566.	2005	Peter C Dworschak, John C Markham (2005) A new species of Entophilus Richardson, 1903 (Isopoda: Bopyridae: Entophilinae) from the Gulf of Aqaba, Jordan. Journal of Crustacean Biology, 25(3): 413-419	http://dx.doi.org/10.1651/C-2566	3874e35362a549933a2169001eb4e53f
2220020	urn:lsid:organismnames.com:name:2220020	http://purl.org/dc/dcmitype/Text	http://eol.org/schema/eol_info_items.xml#Taxonomy	4	Expert	Reconocimiento faunistico del'areo de los fiordos Toro y Condor, isla Riesco, Magallanes	Original description of "<i>Curaeus curaeus recurvirostris</i>".	1970	(1970) Reconocimiento faunistico del'areo de los fiordos Toro y Condor, isla Riesco, Magallanes. Anales Inst Patagonia, 1(1): 41-59		16cfd32d554be8585ac556f6d8a3fb77
2220022	urn:lsid:organismnames.com:name:2220022	http://purl.org/dc/dcmitype/Text	http://eol.org/schema/eol_info_items.xml#Taxonomy	4	Expert	Descripcion de una nueva subespecie de >tordo >, Curaeus curaeus securvirastris, subsp. nov	Original description of "<i>Curaeus curaeus recurvirostris</i>".	1971	(1971) Descripcion de una nueva subespecie de >tordo >, Curaeus curaeus securvirastris, subsp. nov. Anales Inst Patagonia, 2: 158-159		2cf55f4cded64a7732c41d7364acc1e7
2158153	urn:lsid:organismnames.com:name:2158153	http://purl.org/dc/dcmitype/Text	http://eol.org/schema/eol_info_items.xml#Taxonomy	4	Expert	Six new species of bopyrid isopods parasitic on galatheid crabs of the genus Munida in the western Atlantic	Original description of "<i>Anuropodione carolinensis</i>".	1973	(1973) Six new species of bopyrid isopods parasitic on galatheid crabs of the genus Munida in the western Atlantic. Bulletin Mar Sci, 23(3): 613-648		8af5c0fe9bd7a4a5d622d20e65d224a6
2158154	urn:lsid:organismnames.com:name:2158154	http://purl.org/dc/dcmitype/Text	http://eol.org/schema/eol_info_items.xml#Taxonomy	4	Expert	Six new species of bopyrid isopods parasitic on galatheid crabs of the genus Munida in the western Atlantic	Original description of "<i>Anuropodione megacephalon</i>".	1973	(1973) Six new species of bopyrid isopods parasitic on galatheid crabs of the genus Munida in the western Atlantic. Bulletin Mar Sci, 23(3): 613-648		8af5c0fe9bd7a4a5d622d20e65d224a6
2158155	urn:lsid:organismnames.com:name:2158155	http://purl.org/dc/dcmitype/Text	http://eol.org/schema/eol_info_items.xml#Taxonomy	4	Expert	Six new species of bopyrid isopods parasitic on galatheid crabs of the genus Munida in the western Atlantic	Original description of "<i>Aporobopyrina anomala</i>".	1973	(1973) Six new species of bopyrid isopods parasitic on galatheid crabs of the genus Munida in the western Atlantic. Bulletin Mar Sci, 23(3): 613-648		8af5c0fe9bd7a4a5d622d20e65d224a6
2158158	urn:lsid:organismnames.com:name:2158158	http://purl.org/dc/dcmitype/Text	http://eol.org/schema/eol_info_items.xml#Taxonomy	4	Expert	Six new species of bopyrid isopods parasitic on galatheid crabs of the genus Munida in the western Atlantic	Original description of "<i>Balanopleon tortuganus</i>".	1973	(1973) Six new species of bopyrid isopods parasitic on galatheid crabs of the genus Munida in the western Atlantic. Bulletin Mar Sci, 23(3): 613-648		8af5c0fe9bd7a4a5d622d20e65d224a6
2158159	urn:lsid:organismnames.com:name:2158159	http://purl.org/dc/dcmitype/Text	http://eol.org/schema/eol_info_items.xml#Taxonomy	4	Expert	Six new species of bopyrid isopods parasitic on galatheid crabs of the genus Munida in the western Atlantic	Original description of "<i>Bonnieria americana</i>".	1973	(1973) Six new species of bopyrid isopods parasitic on galatheid crabs of the genus Munida in the western Atlantic. Bulletin Mar Sci, 23(3): 613-648		8af5c0fe9bd7a4a5d622d20e65d224a6
2158161	urn:lsid:organismnames.com:name:2158161	http://purl.org/dc/dcmitype/Text	http://eol.org/schema/eol_info_items.xml#Taxonomy	4	Expert	Six new species of bopyrid isopods parasitic on galatheid crabs of the genus Munida in the western Atlantic	Original description of "<i>Pleurocryptella fimhriata</i>".	1973	(1973) Six new species of bopyrid isopods parasitic on galatheid crabs of the genus Munida in the western Atlantic. Bulletin Mar Sci, 23(3): 613-648		8af5c0fe9bd7a4a5d622d20e65d224a6
1665708	urn:lsid:organismnames.com:name:1665708	http://purl.org/dc/dcmitype/Text	http://eol.org/schema/eol_info_items.xml#Taxonomy	4	Expert	Parasitic bopyrid isopods of the amphi-American genus Stegophryxus Thompson with the description of a new species from California	Original description of "<i>Stegophryxus hyphalus</i>" published in http://biostor.org/reference/104008.	1974	(1974) Parasitic bopyrid isopods of the amphi-American genus Stegophryxus Thompson with the description of a new species from California. Bulletin of the Southern California Academy of Sciences, 73(1): 33-41	http://biostor.org/reference/104008	2da1f13d745f8fc2f0c1495915cb576e
2163662	urn:lsid:organismnames.com:name:2163662	http://purl.org/dc/dcmitype/Text	http://eol.org/schema/eol_info_items.xml#Taxonomy	4	Expert	A new species of Pleurocrypta (lsopoda, Bopyridae). the first known from the western Atlantic	Original description of "<i>Pleurocrypta floridana</i>" published in http://dx.doi.org/10.1163/156854074X00668.	1974	John C Markham (1974) A new species of Pleurocrypta (lsopoda, Bopyridae). the first known from the western Atlantic. Crustaceana, 26(3): 267-272	http://dx.doi.org/10.1163/156854074X00668	1833bb6e9eb6ffd04b1b19b2624abf11
2099109	urn:lsid:organismnames.com:name:2099109	http://purl.org/dc/dcmitype/Text	http://eol.org/schema/eol_info_items.xml#Taxonomy	4	Expert	Biological results of the University of Miami deep-sea expeditions. 113. A review of the bapyrid isopod genus Munidion Hansen, 1897, parasitic on galatheid crabs in the Atlantic and Pacific Oceans	Original description of "<i>Munidion longipedis</i>".	1975	(1975) Biological results of the University of Miami deep-sea expeditions. 113. A review of the bapyrid isopod genus Munidion Hansen, 1897, parasitic on galatheid crabs in the Atlantic and Pacific Oceans. Bulletin Mar Sci, 25(3): 422-441		cf4c72e964de71d3d62505dc798fa15e
2103900	urn:lsid:organismnames.com:name:2103900	http://purl.org/dc/dcmitype/Text	http://eol.org/schema/eol_info_items.xml#Taxonomy	4	Expert	Biological results of the University of Miami deep-sea expeditions. 113. A review of the bapyrid isopod genus Munidion Hansen, 1897, parasitic on galatheid crabs in the Atlantic and Pacific Oceans	Original description of "<i>Munidion pleuroncodis</i>".	1975	(1975) Biological results of the University of Miami deep-sea expeditions. 113. A review of the bapyrid isopod genus Munidion Hansen, 1897, parasitic on galatheid crabs in the Atlantic and Pacific Oceans. Bulletin Mar Sci, 25(3): 422-441		cf4c72e964de71d3d62505dc798fa15e
2106425	urn:lsid:organismnames.com:name:2106425	http://purl.org/dc/dcmitype/Text	http://eol.org/schema/eol_info_items.xml#Taxonomy	4	Expert	New records of two species of parasitic isopods of the bopyrid subfamily Ioninae in the western Atlantic	Original description of "<i>Daktylokepon caribaeus</i>" published in http://dx.doi.org/10.1163/156854075X00054.	1975	John C Markham (1975) New records of two species of parasitic isopods of the bopyrid subfamily Ioninae in the western Atlantic. Crustaceana, 29(1): 55-67	http://dx.doi.org/10.1163/156854075X00054	f03547e7e51af1db5427648ad1cb8637
2106448	urn:lsid:organismnames.com:name:2106448	http://purl.org/dc/dcmitype/Text	http://eol.org/schema/eol_info_items.xml#Taxonomy	4	Expert	Two new species of Asymmetrione (lsopoda, Bopyridae) from the western Atlantic	Original description of "<i>Asymmetrione clibanarii</i>" published in http://dx.doi.org/10.1163/156854075X00306.	1975	John C Markham (1975) Two new species of Asymmetrione (lsopoda, Bopyridae) from the western Atlantic. Crustaceana, 29(3): 255-265	http://dx.doi.org/10.1163/156854075X00306	520ee5cf00dad5511080aecdcd91b984
2106449	urn:lsid:organismnames.com:name:2106449	http://purl.org/dc/dcmitype/Text	http://eol.org/schema/eol_info_items.xml#Taxonomy	4	Expert	Two new species of Asymmetrione (lsopoda, Bopyridae) from the western Atlantic	Original description of "<i>Asymmetrione desultor</i>" published in http://dx.doi.org/10.1163/156854075X00306.	1975	John C Markham (1975) Two new species of Asymmetrione (lsopoda, Bopyridae) from the western Atlantic. Crustaceana, 29(3): 255-265	http://dx.doi.org/10.1163/156854075X00306	520ee5cf00dad5511080aecdcd91b984
2057097	urn:lsid:organismnames.com:name:2057097	http://purl.org/dc/dcmitype/Text	http://eol.org/schema/eol_info_items.xml#Taxonomy	4	Expert	The status and systematic position of the species of the bopyrid isopod genus Phyllodurus Stimpson, 1857	Original description of "Phyllodurinae"" published in http://biostor.org/reference/101691.	1977	(1977) The status and systematic position of the species of the bopyrid isopod genus Phyllodurus Stimpson, 1857. Proceedings of the Biological Society of Washington, 90(4): 813-818	http://biostor.org/reference/101691	28e0aa94d637319ddbeb633306d9ea8c
2065908	urn:lsid:organismnames.com:name:2065908	http://purl.org/dc/dcmitype/Text	http://eol.org/schema/eol_info_items.xml#Taxonomy	4	Expert	Description of a new Western Atlantic species of Argeia Dana with a proposed new subfamily for this and related genera (Crustacea Isopoda, Bopyridae)	Original description of "<i>Argeia atlantica</i>".	1977	J C Markham (1977) Description of a new Western Atlantic species of Argeia Dana with a proposed new subfamily for this and related genera (Crustacea Isopoda, Bopyridae). Zoologische Meded Leiden, 52(9): 109-123		d259ae7012268d8b4bd21c3c73bc8d48
2065909	urn:lsid:organismnames.com:name:2065909	http://purl.org/dc/dcmitype/Text	http://eol.org/schema/eol_info_items.xml#Taxonomy	4	Expert	Description of a new Western Atlantic species of Argeia Dana with a proposed new subfamily for this and related genera (Crustacea Isopoda, Bopyridae)	Original description of "Argeiinae"".	1977	J C Markham (1977) Description of a new Western Atlantic species of Argeia Dana with a proposed new subfamily for this and related genera (Crustacea Isopoda, Bopyridae). Zoologische Meded Leiden, 52(9): 109-123		d259ae7012268d8b4bd21c3c73bc8d48
34676	urn:lsid:organismnames.com:name:34676	http://purl.org/dc/dcmitype/Text	http://eol.org/schema/eol_info_items.xml#Taxonomy	4	Expert	A new genus and species of bopyrid isopod parasitic on the western Atlantic porcellanid Pachycheles ackelianus A. Milne Edwards	Original description of "<i>Kolourione</i>" published in http://biostor.org/reference/66729.	1978	J C Markham (1978) A new genus and species of bopyrid isopod parasitic on the western Atlantic porcellanid Pachycheles ackelianus A. Milne Edwards. Proceedings of the Biological Society of Washington, 91(2): 483-489	http://biostor.org/reference/66729	993d32989fc358a3d991aeee19ea0a7e
34677	urn:lsid:organismnames.com:name:34677	http://purl.org/dc/dcmitype/Text	http://eol.org/schema/eol_info_items.xml#Taxonomy	4	Expert	A new genus and species of bopyrid isopod parasitic on the western Atlantic porcellanid Pachycheles ackelianus A. Milne Edwards	Original description of "<i>Kolourione premordica</i>" published in http://biostor.org/reference/66729.	1978	J C Markham (1978) A new genus and species of bopyrid isopod parasitic on the western Atlantic porcellanid Pachycheles ackelianus A. Milne Edwards. Proceedings of the Biological Society of Washington, 91(2): 483-489	http://biostor.org/reference/66729	993d32989fc358a3d991aeee19ea0a7e
45625	urn:lsid:organismnames.com:name:45625	http://purl.org/dc/dcmitype/Text	http://eol.org/schema/eol_info_items.xml#Taxonomy	4	Expert	Bopyrid isopods parasitizing hermit crabs in the northwestern Atlantic Ocean	Original description of "<i>Bopyrissa wolffi</i>".	1978	J C Markham (1978) Bopyrid isopods parasitizing hermit crabs in the northwestern Atlantic Ocean. Bulletin of Marine Science, 28(1): 102-117		a9c2eeb876d37b1794d1b9f71b97d322
45626	urn:lsid:organismnames.com:name:45626	http://purl.org/dc/dcmitype/Text	http://eol.org/schema/eol_info_items.xml#Taxonomy	4	Expert	Bopyrid isopods parasitizing hermit crabs in the northwestern Atlantic Ocean	Original description of "<i>Parapagurion imbricata</i>".	1978	J C Markham (1978) Bopyrid isopods parasitizing hermit crabs in the northwestern Atlantic Ocean. Bulletin of Marine Science, 28(1): 102-117		a9c2eeb876d37b1794d1b9f71b97d322
112381	urn:lsid:organismnames.com:name:112381	http://purl.org/dc/dcmitype/Text	http://eol.org/schema/eol_info_items.xml#Taxonomy	4	Expert	Pontobopyrus abyssorum New genus New species Of Bopyrid Isopod Infesting The Crangonid Shrimp Pontophilus abyssi In Deep Water Of The Northwestern Atlantic Ocean	Original description of "<i>Pontobopyrus</i>" published in http://biostor.org/reference/81309.	1979	J C Markham (1979) Pontobopyrus abyssorum New genus New species Of Bopyrid Isopod Infesting The Crangonid Shrimp Pontophilus abyssi In Deep Water Of The Northwestern Atlantic Ocean. Proceedings of the Biological Society of Washington, 92(4): 769-772	http://biostor.org/reference/81309	bb79e8c4f8f9d219f93e6195c0f264fd
112382	urn:lsid:organismnames.com:name:112382	http://purl.org/dc/dcmitype/Text	http://eol.org/schema/eol_info_items.xml#Taxonomy	4	Expert	Pontobopyrus abyssorum New genus New species Of Bopyrid Isopod Infesting The Crangonid Shrimp Pontophilus abyssi In Deep Water Of The Northwestern Atlantic Ocean	Original description of "<i>Pontobopyrus abyssorum</i>" published in http://biostor.org/reference/81309.	1979	J C Markham (1979) Pontobopyrus abyssorum New genus New species Of Bopyrid Isopod Infesting The Crangonid Shrimp Pontophilus abyssi In Deep Water Of The Northwestern Atlantic Ocean. Proceedings of the Biological Society of Washington, 92(4): 769-772	http://biostor.org/reference/81309	bb79e8c4f8f9d219f93e6195c0f264fd
221259	urn:lsid:organismnames.com:name:221259	http://purl.org/dc/dcmitype/Text	http://eol.org/schema/eol_info_items.xml#Taxonomy	4	Expert	A new species of Dicropleon and new records of three other species of bopyrid isopods from the Indian Ocean	Original description of "<i>Dicropleon processae</i>".	1980	John C Markham (1980) A new species of Dicropleon and new records of three other species of bopyrid isopods from the Indian Ocean. Bulletin of Marine Science, 30(3): 623-633		8b26db947f950f1bb1b3c70627ccfc0b
291209	urn:lsid:organismnames.com:name:291209	http://purl.org/dc/dcmitype/Text	http://eol.org/schema/eol_info_items.xml#Taxonomy	4	Expert	Bopyrid isopods parasitic on decapod cructaceans in Hong Kong and southern China	Original description of "<i>Allokepon</i>".	1982	(1982) Bopyrid isopods parasitic on decapod cructaceans in Hong Kong and southern China. Proceedings of the International Marine Biological Workshop, 1(1): 325-391		e312c4693f509ef4455fc7b9d01f1b53
291211	urn:lsid:organismnames.com:name:291211	http://purl.org/dc/dcmitype/Text	http://eol.org/schema/eol_info_items.xml#Taxonomy	4	Expert	Bopyrid isopods parasitic on decapod cructaceans in Hong Kong and southern China	Original description of "<i>Apophrixus constrictus</i>".	1982	(1982) Bopyrid isopods parasitic on decapod cructaceans in Hong Kong and southern China. Proceedings of the International Marine Biological Workshop, 1(1): 325-391		e312c4693f509ef4455fc7b9d01f1b53
291212	urn:lsid:organismnames.com:name:291212	http://purl.org/dc/dcmitype/Text	http://eol.org/schema/eol_info_items.xml#Taxonomy	4	Expert	Bopyrid isopods parasitic on decapod cructaceans in Hong Kong and southern China	Original description of "<i>Bopyrione longicapitata</i>".	1982	(1982) Bopyrid isopods parasitic on decapod cructaceans in Hong Kong and southern China. Proceedings of the International Marine Biological Workshop, 1(1): 325-391		e312c4693f509ef4455fc7b9d01f1b53
291213	urn:lsid:organismnames.com:name:291213	http://purl.org/dc/dcmitype/Text	http://eol.org/schema/eol_info_items.xml#Taxonomy	4	Expert	Bopyrid isopods parasitic on decapod cructaceans in Hong Kong and southern China	Original description of "<i>Bopyrione toloensis</i>".	1982	(1982) Bopyrid isopods parasitic on decapod cructaceans in Hong Kong and southern China. Proceedings of the International Marine Biological Workshop, 1(1): 325-391		e312c4693f509ef4455fc7b9d01f1b53
291215	urn:lsid:organismnames.com:name:291215	http://purl.org/dc/dcmitype/Text	http://eol.org/schema/eol_info_items.xml#Taxonomy	4	Expert	Bopyrid isopods parasitic on decapod cructaceans in Hong Kong and southern China	Original description of "<i>Dicropleon morator</i>".	1982	(1982) Bopyrid isopods parasitic on decapod cructaceans in Hong Kong and southern China. Proceedings of the International Marine Biological Workshop, 1(1): 325-391		e312c4693f509ef4455fc7b9d01f1b53
291217	urn:lsid:organismnames.com:name:291217	http://purl.org/dc/dcmitype/Text	http://eol.org/schema/eol_info_items.xml#Taxonomy	4	Expert	Bopyrid isopods parasitic on decapod cructaceans in Hong Kong and southern China	Original description of "<i>Litobopyrus</i>".	1982	(1982) Bopyrid isopods parasitic on decapod cructaceans in Hong Kong and southern China. Proceedings of the International Marine Biological Workshop, 1(1): 325-391		e312c4693f509ef4455fc7b9d01f1b53
291218	urn:lsid:organismnames.com:name:291218	http://purl.org/dc/dcmitype/Text	http://eol.org/schema/eol_info_items.xml#Taxonomy	4	Expert	Bopyrid isopods parasitic on decapod cructaceans in Hong Kong and southern China	Original description of "<i>Litobopyrus longicaudatus</i>".	1982	(1982) Bopyrid isopods parasitic on decapod cructaceans in Hong Kong and southern China. Proceedings of the International Marine Biological Workshop, 1(1): 325-391		e312c4693f509ef4455fc7b9d01f1b53
291222	urn:lsid:organismnames.com:name:291222	http://purl.org/dc/dcmitype/Text	http://eol.org/schema/eol_info_items.xml#Taxonomy	4	Expert	Bopyrid isopods parasitic on decapod cructaceans in Hong Kong and southern China	Original description of "<i>Pleurocryptosa enosteoidis</i>".	1982	(1982) Bopyrid isopods parasitic on decapod cructaceans in Hong Kong and southern China. Proceedings of the International Marine Biological Workshop, 1(1): 325-391		e312c4693f509ef4455fc7b9d01f1b53
291224	urn:lsid:organismnames.com:name:291224	http://purl.org/dc/dcmitype/Text	http://eol.org/schema/eol_info_items.xml#Taxonomy	4	Expert	Bopyrid isopods parasitic on decapod cructaceans in Hong Kong and southern China	Original description of "<i>Probopyriscus</i>".	1982	(1982) Bopyrid isopods parasitic on decapod cructaceans in Hong Kong and southern China. Proceedings of the International Marine Biological Workshop, 1(1): 325-391		e312c4693f509ef4455fc7b9d01f1b53
291225	urn:lsid:organismnames.com:name:291225	http://purl.org/dc/dcmitype/Text	http://eol.org/schema/eol_info_items.xml#Taxonomy	4	Expert	Bopyrid isopods parasitic on decapod cructaceans in Hong Kong and southern China	Original description of "<i>Probopyriscus novempalensis</i>".	1982	(1982) Bopyrid isopods parasitic on decapod cructaceans in Hong Kong and southern China. Proceedings of the International Marine Biological Workshop, 1(1): 325-391		e312c4693f509ef4455fc7b9d01f1b53
291226	urn:lsid:organismnames.com:name:291226	http://purl.org/dc/dcmitype/Text	http://eol.org/schema/eol_info_items.xml#Taxonomy	4	Expert	Bopyrid isopods parasitic on decapod cructaceans in Hong Kong and southern China	Original description of "<i>Progebiophilus sinicus</i>".	1982	(1982) Bopyrid isopods parasitic on decapod cructaceans in Hong Kong and southern China. Proceedings of the International Marine Biological Workshop, 1(1): 325-391		e312c4693f509ef4455fc7b9d01f1b53
291228	urn:lsid:organismnames.com:name:291228	http://purl.org/dc/dcmitype/Text	http://eol.org/schema/eol_info_items.xml#Taxonomy	4	Expert	Bopyrid isopods parasitic on decapod cructaceans in Hong Kong and southern China	Original description of "<i>Pseudostegias dulcilacuum</i>".	1982	(1982) Bopyrid isopods parasitic on decapod cructaceans in Hong Kong and southern China. Proceedings of the International Marine Biological Workshop, 1(1): 325-391		e312c4693f509ef4455fc7b9d01f1b53
494853	urn:lsid:organismnames.com:name:494853	http://purl.org/dc/dcmitype/Text	http://eol.org/schema/eol_info_items.xml#Taxonomy	4	Expert	A review of the bopyrid isopods infesting caridean shrimps in the northwestern Atlantic Ocean, with special reference to those collected during the Hourglass Cruises in the Gulf of Mexico	Original description of "<i>Allodiplophryxus</i>".	1985	(1985) A review of the bopyrid isopods infesting caridean shrimps in the northwestern Atlantic Ocean, with special reference to those collected during the Hourglass Cruises in the Gulf of Mexico. Memoirs of the Hourglass Cruises, 7(3): 1-156		23f9dbe47bfce3bcdd8a172394e7a7b5
494854	urn:lsid:organismnames.com:name:494854	http://purl.org/dc/dcmitype/Text	http://eol.org/schema/eol_info_items.xml#Taxonomy	4	Expert	A review of the bopyrid isopods infesting caridean shrimps in the northwestern Atlantic Ocean, with special reference to those collected during the Hourglass Cruises in the Gulf of Mexico	Original description of "<i>Allodiplophryxus floridanus</i>".	1985	(1985) A review of the bopyrid isopods infesting caridean shrimps in the northwestern Atlantic Ocean, with special reference to those collected during the Hourglass Cruises in the Gulf of Mexico. Memoirs of the Hourglass Cruises, 7(3): 1-156		23f9dbe47bfce3bcdd8a172394e7a7b5
494855	urn:lsid:organismnames.com:name:494855	http://purl.org/dc/dcmitype/Text	http://eol.org/schema/eol_info_items.xml#Taxonomy	4	Expert	A review of the bopyrid isopods infesting caridean shrimps in the northwestern Atlantic Ocean, with special reference to those collected during the Hourglass Cruises in the Gulf of Mexico	Original description of "<i>Azygopleon</i>".	1985	(1985) A review of the bopyrid isopods infesting caridean shrimps in the northwestern Atlantic Ocean, with special reference to those collected during the Hourglass Cruises in the Gulf of Mexico. Memoirs of the Hourglass Cruises, 7(3): 1-156		23f9dbe47bfce3bcdd8a172394e7a7b5
494872	urn:lsid:organismnames.com:name:494872	http://purl.org/dc/dcmitype/Text	http://eol.org/schema/eol_info_items.xml#Taxonomy	4	Expert	A review of the bopyrid isopods infesting caridean shrimps in the northwestern Atlantic Ocean, with special reference to those collected during the Hourglass Cruises in the Gulf of Mexico	Original description of "<i>Hyperphrixus castrensis</i>".	1985	(1985) A review of the bopyrid isopods infesting caridean shrimps in the northwestern Atlantic Ocean, with special reference to those collected during the Hourglass Cruises in the Gulf of Mexico. Memoirs of the Hourglass Cruises, 7(3): 1-156		23f9dbe47bfce3bcdd8a172394e7a7b5
494873	urn:lsid:organismnames.com:name:494873	http://purl.org/dc/dcmitype/Text	http://eol.org/schema/eol_info_items.xml#Taxonomy	4	Expert	A review of the bopyrid isopods infesting caridean shrimps in the northwestern Atlantic Ocean, with special reference to those collected during the Hourglass Cruises in the Gulf of Mexico	Original description of "<i>Ovobopyrus</i>".	1985	(1985) A review of the bopyrid isopods infesting caridean shrimps in the northwestern Atlantic Ocean, with special reference to those collected during the Hourglass Cruises in the Gulf of Mexico. Memoirs of the Hourglass Cruises, 7(3): 1-156		23f9dbe47bfce3bcdd8a172394e7a7b5
494874	urn:lsid:organismnames.com:name:494874	http://purl.org/dc/dcmitype/Text	http://eol.org/schema/eol_info_items.xml#Taxonomy	4	Expert	A review of the bopyrid isopods infesting caridean shrimps in the northwestern Atlantic Ocean, with special reference to those collected during the Hourglass Cruises in the Gulf of Mexico	Original description of "<i>Ovobopyrus alphezemiotes</i>".	1985	(1985) A review of the bopyrid isopods infesting caridean shrimps in the northwestern Atlantic Ocean, with special reference to those collected during the Hourglass Cruises in the Gulf of Mexico. Memoirs of the Hourglass Cruises, 7(3): 1-156		23f9dbe47bfce3bcdd8a172394e7a7b5
494875	urn:lsid:organismnames.com:name:494875	http://purl.org/dc/dcmitype/Text	http://eol.org/schema/eol_info_items.xml#Taxonomy	4	Expert	A review of the bopyrid isopods infesting caridean shrimps in the northwestern Atlantic Ocean, with special reference to those collected during the Hourglass Cruises in the Gulf of Mexico	Original description of "<i>Parabopyrella</i>".	1985	(1985) A review of the bopyrid isopods infesting caridean shrimps in the northwestern Atlantic Ocean, with special reference to those collected during the Hourglass Cruises in the Gulf of Mexico. Memoirs of the Hourglass Cruises, 7(3): 1-156		23f9dbe47bfce3bcdd8a172394e7a7b5
494881	urn:lsid:organismnames.com:name:494881	http://purl.org/dc/dcmitype/Text	http://eol.org/schema/eol_info_items.xml#Taxonomy	4	Expert	A review of the bopyrid isopods infesting caridean shrimps in the northwestern Atlantic Ocean, with special reference to those collected during the Hourglass Cruises in the Gulf of Mexico	Original description of "<i>Parabopyriscus</i>".	1985	(1985) A review of the bopyrid isopods infesting caridean shrimps in the northwestern Atlantic Ocean, with special reference to those collected during the Hourglass Cruises in the Gulf of Mexico. Memoirs of the Hourglass Cruises, 7(3): 1-156		23f9dbe47bfce3bcdd8a172394e7a7b5
494882	urn:lsid:organismnames.com:name:494882	http://purl.org/dc/dcmitype/Text	http://eol.org/schema/eol_info_items.xml#Taxonomy	4	Expert	A review of the bopyrid isopods infesting caridean shrimps in the northwestern Atlantic Ocean, with special reference to those collected during the Hourglass Cruises in the Gulf of Mexico	Original description of "<i>Parabopyriscus stellatus</i>".	1985	(1985) A review of the bopyrid isopods infesting caridean shrimps in the northwestern Atlantic Ocean, with special reference to those collected during the Hourglass Cruises in the Gulf of Mexico. Memoirs of the Hourglass Cruises, 7(3): 1-156		23f9dbe47bfce3bcdd8a172394e7a7b5
494884	urn:lsid:organismnames.com:name:494884	http://purl.org/dc/dcmitype/Text	http://eol.org/schema/eol_info_items.xml#Taxonomy	4	Expert	A review of the bopyrid isopods infesting caridean shrimps in the northwestern Atlantic Ocean, with special reference to those collected during the Hourglass Cruises in the Gulf of Mexico	Original description of "<i>Probopyria</i>".	1985	(1985) A review of the bopyrid isopods infesting caridean shrimps in the northwestern Atlantic Ocean, with special reference to those collected during the Hourglass Cruises in the Gulf of Mexico. Memoirs of the Hourglass Cruises, 7(3): 1-156		23f9dbe47bfce3bcdd8a172394e7a7b5
494887	urn:lsid:organismnames.com:name:494887	http://purl.org/dc/dcmitype/Text	http://eol.org/schema/eol_info_items.xml#Taxonomy	4	Expert	A review of the bopyrid isopods infesting caridean shrimps in the northwestern Atlantic Ocean, with special reference to those collected during the Hourglass Cruises in the Gulf of Mexico	Original description of "<i>Pseudione cognata</i>".	1985	(1985) A review of the bopyrid isopods infesting caridean shrimps in the northwestern Atlantic Ocean, with special reference to those collected during the Hourglass Cruises in the Gulf of Mexico. Memoirs of the Hourglass Cruises, 7(3): 1-156		23f9dbe47bfce3bcdd8a172394e7a7b5
494888	urn:lsid:organismnames.com:name:494888	http://purl.org/dc/dcmitype/Text	http://eol.org/schema/eol_info_items.xml#Taxonomy	4	Expert	A review of the bopyrid isopods infesting caridean shrimps in the northwestern Atlantic Ocean, with special reference to those collected during the Hourglass Cruises in the Gulf of Mexico	Original description of "<i>Schizobopyrina</i>".	1985	(1985) A review of the bopyrid isopods infesting caridean shrimps in the northwestern Atlantic Ocean, with special reference to those collected during the Hourglass Cruises in the Gulf of Mexico. Memoirs of the Hourglass Cruises, 7(3): 1-156		23f9dbe47bfce3bcdd8a172394e7a7b5
510998	urn:lsid:organismnames.com:name:510998	http://purl.org/dc/dcmitype/Text	http://eol.org/schema/eol_info_items.xml#Taxonomy	4	Expert	Additions to the bopyrid isopod fauna of Thailand	Original description of "<i>Bopyrella tanytelson</i>".	1985	J C Markham (1985) Additions to the bopyrid isopod fauna of Thailand. Zoologische Verhandelingen (Leiden), 224: 1-63		d26638de93f59989b789b55ab40d15c5
510999	urn:lsid:organismnames.com:name:510999	http://purl.org/dc/dcmitype/Text	http://eol.org/schema/eol_info_items.xml#Taxonomy	4	Expert	Additions to the bopyrid isopod fauna of Thailand	Original description of "<i>Bopyrissa liberorum</i>".	1985	J C Markham (1985) Additions to the bopyrid isopod fauna of Thailand. Zoologische Verhandelingen (Leiden), 224: 1-63		d26638de93f59989b789b55ab40d15c5
511000	urn:lsid:organismnames.com:name:511000	http://purl.org/dc/dcmitype/Text	http://eol.org/schema/eol_info_items.xml#Taxonomy	4	Expert	Additions to the bopyrid isopod fauna of Thailand	Original description of "<i>Kepon orientalis</i>".	1985	J C Markham (1985) Additions to the bopyrid isopod fauna of Thailand. Zoologische Verhandelingen (Leiden), 224: 1-63		d26638de93f59989b789b55ab40d15c5
511001	urn:lsid:organismnames.com:name:511001	http://purl.org/dc/dcmitype/Text	http://eol.org/schema/eol_info_items.xml#Taxonomy	4	Expert	Additions to the bopyrid isopod fauna of Thailand	Original description of "<i>Metabopyrus irregularis</i>".	1985	J C Markham (1985) Additions to the bopyrid isopod fauna of Thailand. Zoologische Verhandelingen (Leiden), 224: 1-63		d26638de93f59989b789b55ab40d15c5
511002	urn:lsid:organismnames.com:name:511002	http://purl.org/dc/dcmitype/Text	http://eol.org/schema/eol_info_items.xml#Taxonomy	4	Expert	Additions to the bopyrid isopod fauna of Thailand	Original description of "<i>Procepon horridulum</i>".	1985	J C Markham (1985) Additions to the bopyrid isopod fauna of Thailand. Zoologische Verhandelingen (Leiden), 224: 1-63		d26638de93f59989b789b55ab40d15c5
511003	urn:lsid:organismnames.com:name:511003	http://purl.org/dc/dcmitype/Text	http://eol.org/schema/eol_info_items.xml#Taxonomy	4	Expert	Additions to the bopyrid isopod fauna of Thailand	Original description of "<i>Trapezicepon thalamitae</i>".	1985	J C Markham (1985) Additions to the bopyrid isopod fauna of Thailand. Zoologische Verhandelingen (Leiden), 224: 1-63		d26638de93f59989b789b55ab40d15c5
511004	urn:lsid:organismnames.com:name:511004	http://purl.org/dc/dcmitype/Text	http://eol.org/schema/eol_info_items.xml#Taxonomy	4	Expert	Additions to the bopyrid isopod fauna of Thailand	Original description of "<i>Upogebione</i>".	1985	J C Markham (1985) Additions to the bopyrid isopod fauna of Thailand. Zoologische Verhandelingen (Leiden), 224: 1-63		d26638de93f59989b789b55ab40d15c5
511005	urn:lsid:organismnames.com:name:511005	http://purl.org/dc/dcmitype/Text	http://eol.org/schema/eol_info_items.xml#Taxonomy	4	Expert	Additions to the bopyrid isopod fauna of Thailand	Original description of "<i>Upogebione phuketensis</i>".	1985	J C Markham (1985) Additions to the bopyrid isopod fauna of Thailand. Zoologische Verhandelingen (Leiden), 224: 1-63		d26638de93f59989b789b55ab40d15c5
542995	urn:lsid:organismnames.com:name:542995	http://purl.org/dc/dcmitype/Text	http://eol.org/schema/eol_info_items.xml#Taxonomy	4	Expert	A new species of Asymmetrione (Isopoda: Bopyridae) infesting the hermit crab Isocheles pilosus (Holmes) in southern California	Original description of "<i>Asymmetrione ambodistorta</i>" published in http://biostor.org/reference/103984.	1985	(1985) A new species of Asymmetrione (Isopoda: Bopyridae) infesting the hermit crab Isocheles pilosus (Holmes) in southern California. Bulletin Southern California Academy of Sciences, 84(2): 104-108	http://biostor.org/reference/103984	15803a16d0c7c72262f28d317d986eea
701528	urn:lsid:organismnames.com:name:701528	http://purl.org/dc/dcmitype/Text	http://eol.org/schema/eol_info_items.xml#Taxonomy	4	Expert	Descriptions and revisions of some species of Isopoda Bopyridae of the north western Atlantic Ocean	Original description of "<i>Aporobopyrus bonairensis</i>".	1988	J C Markham (1988) Descriptions and revisions of some species of Isopoda Bopyridae of the north western Atlantic Ocean. Zoologische Verhandelingen (Leiden), 246: 3-63		2ef3eac92bdbdd166a6873d389817ef4
701529	urn:lsid:organismnames.com:name:701529	http://purl.org/dc/dcmitype/Text	http://eol.org/schema/eol_info_items.xml#Taxonomy	4	Expert	Descriptions and revisions of some species of Isopoda Bopyridae of the north western Atlantic Ocean	Original description of "<i>Diplophryxus siankaanensis</i>".	1988	J C Markham (1988) Descriptions and revisions of some species of Isopoda Bopyridae of the north western Atlantic Ocean. Zoologische Verhandelingen (Leiden), 246: 3-63		2ef3eac92bdbdd166a6873d389817ef4
701530	urn:lsid:organismnames.com:name:701530	http://purl.org/dc/dcmitype/Text	http://eol.org/schema/eol_info_items.xml#Taxonomy	4	Expert	Descriptions and revisions of some species of Isopoda Bopyridae of the north western Atlantic Ocean	Original description of "<i>Grapsicepon belizeianum</i>".	1988	J C Markham (1988) Descriptions and revisions of some species of Isopoda Bopyridae of the north western Atlantic Ocean. Zoologische Verhandelingen (Leiden), 246: 3-63		2ef3eac92bdbdd166a6873d389817ef4
701531	urn:lsid:organismnames.com:name:701531	http://purl.org/dc/dcmitype/Text	http://eol.org/schema/eol_info_items.xml#Taxonomy	4	Expert	Descriptions and revisions of some species of Isopoda Bopyridae of the north western Atlantic Ocean	Original description of "<i>Ione indecora</i>".	1988	J C Markham (1988) Descriptions and revisions of some species of Isopoda Bopyridae of the north western Atlantic Ocean. Zoologische Verhandelingen (Leiden), 246: 3-63		2ef3eac92bdbdd166a6873d389817ef4
701532	urn:lsid:organismnames.com:name:701532	http://purl.org/dc/dcmitype/Text	http://eol.org/schema/eol_info_items.xml#Taxonomy	4	Expert	Descriptions and revisions of some species of Isopoda Bopyridae of the north western Atlantic Ocean	Original description of "<i>Ogyridione</i>".	1988	J C Markham (1988) Descriptions and revisions of some species of Isopoda Bopyridae of the north western Atlantic Ocean. Zoologische Verhandelingen (Leiden), 246: 3-63		2ef3eac92bdbdd166a6873d389817ef4
701533	urn:lsid:organismnames.com:name:701533	http://purl.org/dc/dcmitype/Text	http://eol.org/schema/eol_info_items.xml#Taxonomy	4	Expert	Descriptions and revisions of some species of Isopoda Bopyridae of the north western Atlantic Ocean	Original description of "<i>Ogyridione caroliniana</i>".	1988	J C Markham (1988) Descriptions and revisions of some species of Isopoda Bopyridae of the north western Atlantic Ocean. Zoologische Verhandelingen (Leiden), 246: 3-63		2ef3eac92bdbdd166a6873d389817ef4
701534	urn:lsid:organismnames.com:name:701534	http://purl.org/dc/dcmitype/Text	http://eol.org/schema/eol_info_items.xml#Taxonomy	4	Expert	Descriptions and revisions of some species of Isopoda Bopyridae of the north western Atlantic Ocean	Original description of "<i>Orthione</i>".	1988	J C Markham (1988) Descriptions and revisions of some species of Isopoda Bopyridae of the north western Atlantic Ocean. Zoologische Verhandelingen (Leiden), 246: 3-63		2ef3eac92bdbdd166a6873d389817ef4
701536	urn:lsid:organismnames.com:name:701536	http://purl.org/dc/dcmitype/Text	http://eol.org/schema/eol_info_items.xml#Taxonomy	4	Expert	Descriptions and revisions of some species of Isopoda Bopyridae of the north western Atlantic Ocean	Original description of "<i>Pleurocrypta petrolisthis</i>".	1988	J C Markham (1988) Descriptions and revisions of some species of Isopoda Bopyridae of the north western Atlantic Ocean. Zoologische Verhandelingen (Leiden), 246: 3-63		2ef3eac92bdbdd166a6873d389817ef4
701538	urn:lsid:organismnames.com:name:701538	http://purl.org/dc/dcmitype/Text	http://eol.org/schema/eol_info_items.xml#Taxonomy	4	Expert	Descriptions and revisions of some species of Isopoda Bopyridae of the north western Atlantic Ocean	Original description of "<i>Pseudione ampla</i>".	1988	J C Markham (1988) Descriptions and revisions of some species of Isopoda Bopyridae of the north western Atlantic Ocean. Zoologische Verhandelingen (Leiden), 246: 3-63		2ef3eac92bdbdd166a6873d389817ef4
768269	urn:lsid:organismnames.com:name:768269	http://purl.org/dc/dcmitype/Text	http://eol.org/schema/eol_info_items.xml#Taxonomy	4	Expert	Three species of Isopoda Bopyridae new to the fauna of the Philippines	Original description of "<i>Diplophryxus gracilis</i>".	1989	(1989) Three species of Isopoda Bopyridae new to the fauna of the Philippines. Beagle, 6(1): 141-148		c75ee1c5570692adc1bdfa4844a135b5
768270	urn:lsid:organismnames.com:name:768270	http://purl.org/dc/dcmitype/Text	http://eol.org/schema/eol_info_items.xml#Taxonomy	4	Expert	Three species of Isopoda Bopyridae new to the fauna of the Philippines	Original description of "<i>Palaemonellione</i>".	1989	(1989) Three species of Isopoda Bopyridae new to the fauna of the Philippines. Beagle, 6(1): 141-148		c75ee1c5570692adc1bdfa4844a135b5
768271	urn:lsid:organismnames.com:name:768271	http://purl.org/dc/dcmitype/Text	http://eol.org/schema/eol_info_items.xml#Taxonomy	4	Expert	Three species of Isopoda Bopyridae new to the fauna of the Philippines	Original description of "<i>Palaemonellione cebuensis</i>".	1989	(1989) Three species of Isopoda Bopyridae new to the fauna of the Philippines. Beagle, 6(1): 141-148		c75ee1c5570692adc1bdfa4844a135b5
786639	urn:lsid:organismnames.com:name:786639	http://purl.org/dc/dcmitype/Text	http://eol.org/schema/eol_info_items.xml#Taxonomy	4	Expert	Crustacea Isopoda: new records of Bopyridae from New Caledonian waters	Original description of "<i>Bopyrinina paucimaculata</i>".	1990	(1990) Crustacea Isopoda: new records of Bopyridae from New Caledonian waters. Memoires du Museum National d'Histoire Naturelle Serie A Zoologie, 145: 55-69		29839e6cb799a84b4b828580da11bb16
786640	urn:lsid:organismnames.com:name:786640	http://purl.org/dc/dcmitype/Text	http://eol.org/schema/eol_info_items.xml#Taxonomy	4	Expert	Crustacea Isopoda: new records of Bopyridae from New Caledonian waters	Original description of "<i>Eriphrixus</i>".	1990	(1990) Crustacea Isopoda: new records of Bopyridae from New Caledonian waters. Memoires du Museum National d'Histoire Naturelle Serie A Zoologie, 145: 55-69		29839e6cb799a84b4b828580da11bb16
786641	urn:lsid:organismnames.com:name:786641	http://purl.org/dc/dcmitype/Text	http://eol.org/schema/eol_info_items.xml#Taxonomy	4	Expert	Crustacea Isopoda: new records of Bopyridae from New Caledonian waters	Original description of "<i>Eriphrixus obesus</i>".	1990	(1990) Crustacea Isopoda: new records of Bopyridae from New Caledonian waters. Memoires du Museum National d'Histoire Naturelle Serie A Zoologie, 145: 55-69		29839e6cb799a84b4b828580da11bb16
786642	urn:lsid:organismnames.com:name:786642	http://purl.org/dc/dcmitype/Text	http://eol.org/schema/eol_info_items.xml#Taxonomy	4	Expert	Crustacea Isopoda: new records of Bopyridae from New Caledonian waters	Original description of "<i>Mediophrixus</i>".	1990	(1990) Crustacea Isopoda: new records of Bopyridae from New Caledonian waters. Memoires du Museum National d'Histoire Naturelle Serie A Zoologie, 145: 55-69		29839e6cb799a84b4b828580da11bb16
786643	urn:lsid:organismnames.com:name:786643	http://purl.org/dc/dcmitype/Text	http://eol.org/schema/eol_info_items.xml#Taxonomy	4	Expert	Crustacea Isopoda: new records of Bopyridae from New Caledonian waters	Original description of "<i>Mediophrixus pinuum</i>".	1990	(1990) Crustacea Isopoda: new records of Bopyridae from New Caledonian waters. Memoires du Museum National d'Histoire Naturelle Serie A Zoologie, 145: 55-69		29839e6cb799a84b4b828580da11bb16
786644	urn:lsid:organismnames.com:name:786644	http://purl.org/dc/dcmitype/Text	http://eol.org/schema/eol_info_items.xml#Taxonomy	4	Expert	Crustacea Isopoda: new records of Bopyridae from New Caledonian waters	Original description of "<i>Metaphrixus rastriferus</i>".	1990	(1990) Crustacea Isopoda: new records of Bopyridae from New Caledonian waters. Memoires du Museum National d'Histoire Naturelle Serie A Zoologie, 145: 55-69		29839e6cb799a84b4b828580da11bb16
820931	urn:lsid:organismnames.com:name:820931	http://purl.org/dc/dcmitype/Text	http://eol.org/schema/eol_info_items.xml#Taxonomy	4	Expert	Further notes on the Isopoda Bopyridae of Hong Kong	Original description of "<i>Parabopyrella perplexa</i>".	1990	Further notes on the Isopoda Bopyridae of Hong Kong. Morton, B.[Ed]. The marine flora and fauna of Hong Kong and southern China 2. Volume 2. Taxonomy and ecology., Hong Kong University Press, Hong Kong, 1990: i-x, 449-942. Chapter pagination: 555-566.		0081c63751f08ed7de06882f8ffdfedd
820932	urn:lsid:organismnames.com:name:820932	http://purl.org/dc/dcmitype/Text	http://eol.org/schema/eol_info_items.xml#Taxonomy	4	Expert	Further notes on the Isopoda Bopyridae of Hong Kong	Original description of "<i>Rhopalione sinensis</i>".	1990	Further notes on the Isopoda Bopyridae of Hong Kong. Morton, B.[Ed]. The marine flora and fauna of Hong Kong and southern China 2. Volume 2. Taxonomy and ecology., Hong Kong University Press, Hong Kong, 1990: i-x, 449-942. Chapter pagination: 555-566.		0081c63751f08ed7de06882f8ffdfedd
1004368	urn:lsid:organismnames.com:name:1004368	http://purl.org/dc/dcmitype/Text	http://eol.org/schema/eol_info_items.xml#Taxonomy	4	Expert		Original description of "<i>Anchiarthrus</i>".	1992	Second list of additions to the Isopoda Bopyridae of Hong Kong. Morton, Brian[Ed]. The marine flora and fauna of Hong Kong and southern China 3. Volume 1: introduction, taxonomy and ecology. Proceedings of the Fourth International Marine Biological Workshop: The Marine Flora and Fauna of Hong Kong and Southern China, Hong Kong, 11-29 April 1989., Hong Kong University Press, Hong Kong, 1992: i-xxx, 1-526. Chapter pagination: 277-302.		5718a06cf41e2743885dca8c03f5c91e
1004369	urn:lsid:organismnames.com:name:1004369	http://purl.org/dc/dcmitype/Text	http://eol.org/schema/eol_info_items.xml#Taxonomy	4	Expert		Original description of "<i>Anchiarthrus derelictus</i>".	1992	Second list of additions to the Isopoda Bopyridae of Hong Kong. Morton, Brian[Ed]. The marine flora and fauna of Hong Kong and southern China 3. Volume 1: introduction, taxonomy and ecology. Proceedings of the Fourth International Marine Biological Workshop: The Marine Flora and Fauna of Hong Kong and Southern China, Hong Kong, 11-29 April 1989., Hong Kong University Press, Hong Kong, 1992: i-xxx, 1-526. Chapter pagination: 277-302.		5718a06cf41e2743885dca8c03f5c91e
1004370	urn:lsid:organismnames.com:name:1004370	http://purl.org/dc/dcmitype/Text	http://eol.org/schema/eol_info_items.xml#Taxonomy	4	Expert		Original description of "<i>Hypocepon globosus</i>".	1992	Second list of additions to the Isopoda Bopyridae of Hong Kong. Morton, Brian[Ed]. The marine flora and fauna of Hong Kong and southern China 3. Volume 1: introduction, taxonomy and ecology. Proceedings of the Fourth International Marine Biological Workshop: The Marine Flora and Fauna of Hong Kong and Southern China, Hong Kong, 11-29 April 1989., Hong Kong University Press, Hong Kong, 1992: i-xxx, 1-526. Chapter pagination: 277-302.		5718a06cf41e2743885dca8c03f5c91e
1004373	urn:lsid:organismnames.com:name:1004373	http://purl.org/dc/dcmitype/Text	http://eol.org/schema/eol_info_items.xml#Taxonomy	4	Expert		Original description of "<i>Probopyria elliptica</i>".	1992	Second list of additions to the Isopoda Bopyridae of Hong Kong. Morton, Brian[Ed]. The marine flora and fauna of Hong Kong and southern China 3. Volume 1: introduction, taxonomy and ecology. Proceedings of the Fourth International Marine Biological Workshop: The Marine Flora and Fauna of Hong Kong and Southern China, Hong Kong, 11-29 April 1989., Hong Kong University Press, Hong Kong, 1992: i-xxx, 1-526. Chapter pagination: 277-302.		5718a06cf41e2743885dca8c03f5c91e
1004374	urn:lsid:organismnames.com:name:1004374	http://purl.org/dc/dcmitype/Text	http://eol.org/schema/eol_info_items.xml#Taxonomy	4	Expert		Original description of "<i>Stegophryxus minutus</i>".	1992	Second list of additions to the Isopoda Bopyridae of Hong Kong. Morton, Brian[Ed]. The marine flora and fauna of Hong Kong and southern China 3. Volume 1: introduction, taxonomy and ecology. Proceedings of the Fourth International Marine Biological Workshop: The Marine Flora and Fauna of Hong Kong and Southern China, Hong Kong, 11-29 April 1989., Hong Kong University Press, Hong Kong, 1992: i-xxx, 1-526. Chapter pagination: 277-302.		5718a06cf41e2743885dca8c03f5c91e
1077389	urn:lsid:organismnames.com:name:1077389	http://purl.org/dc/dcmitype/Text	http://eol.org/schema/eol_info_items.xml#Taxonomy	4	Expert	Crustacea Isopoda: Bopyridae in the MUSORSTOM collections from the tropical Indo-Pacific. 1. Subfamilies Pseudioninae (in part), Argeiinae Orbioninae, Athelginae and Entophilinae	Original description of "<i>Eragia</i>".	1994	(1994) Crustacea Isopoda: Bopyridae in the MUSORSTOM collections from the tropical Indo-Pacific. 1. Subfamilies Pseudioninae (in part), Argeiinae Orbioninae, Athelginae and Entophilinae. Memoires du Museum National d'Histoire Naturelle, 161: 225-253		c9127f1289d3d32c8a42570456005390
1077390	urn:lsid:organismnames.com:name:1077390	http://purl.org/dc/dcmitype/Text	http://eol.org/schema/eol_info_items.xml#Taxonomy	4	Expert	Crustacea Isopoda: Bopyridae in the MUSORSTOM collections from the tropical Indo-Pacific. 1. Subfamilies Pseudioninae (in part), Argeiinae Orbioninae, Athelginae and Entophilinae	Original description of "<i>Eragia profunda</i>".	1994	(1994) Crustacea Isopoda: Bopyridae in the MUSORSTOM collections from the tropical Indo-Pacific. 1. Subfamilies Pseudioninae (in part), Argeiinae Orbioninae, Athelginae and Entophilinae. Memoires du Museum National d'Histoire Naturelle, 161: 225-253		c9127f1289d3d32c8a42570456005390
1077391	urn:lsid:organismnames.com:name:1077391	http://purl.org/dc/dcmitype/Text	http://eol.org/schema/eol_info_items.xml#Taxonomy	4	Expert	Crustacea Isopoda: Bopyridae in the MUSORSTOM collections from the tropical Indo-Pacific. 1. Subfamilies Pseudioninae (in part), Argeiinae Orbioninae, Athelginae and Entophilinae	Original description of "<i>Gigantione elconaxii</i>".	1994	(1994) Crustacea Isopoda: Bopyridae in the MUSORSTOM collections from the tropical Indo-Pacific. 1. Subfamilies Pseudioninae (in part), Argeiinae Orbioninae, Athelginae and Entophilinae. Memoires du Museum National d'Histoire Naturelle, 161: 225-253		c9127f1289d3d32c8a42570456005390
1077392	urn:lsid:organismnames.com:name:1077392	http://purl.org/dc/dcmitype/Text	http://eol.org/schema/eol_info_items.xml#Taxonomy	4	Expert	Crustacea Isopoda: Bopyridae in the MUSORSTOM collections from the tropical Indo-Pacific. 1. Subfamilies Pseudioninae (in part), Argeiinae Orbioninae, Athelginae and Entophilinae	Original description of "<i>Ionella maculata</i>".	1994	(1994) Crustacea Isopoda: Bopyridae in the MUSORSTOM collections from the tropical Indo-Pacific. 1. Subfamilies Pseudioninae (in part), Argeiinae Orbioninae, Athelginae and Entophilinae. Memoires du Museum National d'Histoire Naturelle, 161: 225-253		c9127f1289d3d32c8a42570456005390
1121723	urn:lsid:organismnames.com:name:1121723	http://purl.org/dc/dcmitype/Text	http://eol.org/schema/eol_info_items.xml#Taxonomy	4	Expert	Two new species of Isopoda Bopyridae (Crustacea) infesting thalassinideans in the western Pacific	Original description of "<i>Castrione digiticaudata</i>".	1995	(1995) Two new species of Isopoda Bopyridae (Crustacea) infesting thalassinideans in the western Pacific. Raffles Bulletin of Zoology, 43(1): 83-89		63d3d899f80dded65e450913c24fa3f1
1121724	urn:lsid:organismnames.com:name:1121724	http://purl.org/dc/dcmitype/Text	http://eol.org/schema/eol_info_items.xml#Taxonomy	4	Expert	Two new species of Isopoda Bopyridae (Crustacea) infesting thalassinideans in the western Pacific	Original description of "<i>Ione taiwanensis</i>".	1995	(1995) Two new species of Isopoda Bopyridae (Crustacea) infesting thalassinideans in the western Pacific. Raffles Bulletin of Zoology, 43(1): 83-89		63d3d899f80dded65e450913c24fa3f1
1364313	urn:lsid:organismnames.com:name:1364313	http://purl.org/dc/dcmitype/Text	http://eol.org/schema/eol_info_items.xml#Taxonomy	4	Expert	Crustacea Isopoda: Bopyridae in the MUSORSTOM collections from the tropical Indo-Pacific. 2. Species in subfamily Pseudioninae infesting non-anomuran hosts	Original description of "<i>Gigantione petalomerae</i>".	1999	(1999) Crustacea Isopoda: Bopyridae in the MUSORSTOM collections from the tropical Indo-Pacific. 2. Species in subfamily Pseudioninae infesting non-anomuran hosts. Memoires du Museum National d'Histoire Naturelle, 180: 254-265		08c0157a0ee85bf11c05c961b4f3b776
1364317	urn:lsid:organismnames.com:name:1364317	http://purl.org/dc/dcmitype/Text	http://eol.org/schema/eol_info_items.xml#Taxonomy	4	Expert	Crustacea Isopoda: Bopyridae in the MUSORSTOM collections from the tropical Indo-Pacific. 2. Species in subfamily Pseudioninae infesting non-anomuran hosts	Original description of "<i>Pseudione tanimbarensis</i>".	1999	(1999) Crustacea Isopoda: Bopyridae in the MUSORSTOM collections from the tropical Indo-Pacific. 2. Species in subfamily Pseudioninae infesting non-anomuran hosts. Memoires du Museum National d'Histoire Naturelle, 180: 254-265		08c0157a0ee85bf11c05c961b4f3b776
1642136	urn:lsid:organismnames.com:name:1642136	http://purl.org/dc/dcmitype/Text	http://eol.org/schema/eol_info_items.xml#Taxonomy	4	Expert		Original description of "<i>Leidya infelix</i>".	2002	A new species of Leidya Cornalia and Panceri, 1861, and the first record of the genus Lobocepon Nobili, 1905, both from the eastern Pacific Ocean, with a review of the parasites of grapsid crabs worldwide (Isopoda, Bopyridae, Ioninae). Alvarez, Fernando; Escobar-Briones, Elva[Eds]. Modern approaches to the study of Crustacea., Kluwer Academic/Plenum Publishers, New York, Boston etc., 2002: i-xix, 1-355. Chapter pagination: 329-338.		2e2718d40ec465737451cde56255c019
1721914	urn:lsid:organismnames.com:name:1721914	http://purl.org/dc/dcmitype/Text	http://eol.org/schema/eol_info_items.xml#Taxonomy	4	Expert	New Species And Records Of Bopyridae (Crustacea : Isopoda) Infesting Species Of The Genus Upogebia (Crustacea : Decapoda : Upogebiidae): The Genera Orthione Markham, 1988, And Gyge Cornalia & Panceri, 1861	Original description of "<i>Orthione griffenis</i>" published in http://biostor.org/reference/81359.	2004	J C Markham (2004) New Species And Records Of Bopyridae (Crustacea : Isopoda) Infesting Species Of The Genus Upogebia (Crustacea : Decapoda : Upogebiidae): The Genera Orthione Markham, 1988, And Gyge Cornalia & Panceri, 1861. Proceedings of the Biological Society of Washington, 117(2): 186-198	http://biostor.org/reference/81359	8fe45dcebdde44636aec3a8be679e995
1721915	urn:lsid:organismnames.com:name:1721915	http://purl.org/dc/dcmitype/Text	http://eol.org/schema/eol_info_items.xml#Taxonomy	4	Expert	New Species And Records Of Bopyridae (Crustacea : Isopoda) Infesting Species Of The Genus Upogebia (Crustacea : Decapoda : Upogebiidae): The Genera Orthione Markham, 1988, And Gyge Cornalia & Panceri, 1861	Original description of "<i>Orthione mesoamericana</i>" published in http://biostor.org/reference/81359.	2004	J C Markham (2004) New Species And Records Of Bopyridae (Crustacea : Isopoda) Infesting Species Of The Genus Upogebia (Crustacea : Decapoda : Upogebiidae): The Genera Orthione Markham, 1988, And Gyge Cornalia & Panceri, 1861. Proceedings of the Biological Society of Washington, 117(2): 186-198	http://biostor.org/reference/81359	8fe45dcebdde44636aec3a8be679e995
1771792	urn:lsid:organismnames.com:name:1771792	http://purl.org/dc/dcmitype/Text	http://eol.org/schema/eol_info_items.xml#Taxonomy	4	Expert	New species and records of Bopyridae (Crustacea : Isopoda) infesting species of the genus Upogebia (Crustacea : Decapoda : Upogebiidae): the genus Progebiophilus Codreanu & Codreanu, 1963; and remarks on Phyllodurus Stimpson, 1857	Original description of "<i>Progebiophilus insperatus</i>" published in http://dx.doi.org/10.2988/0006-324X(2005)118[84:NSAROB]2.0.CO;2.	2005	John C Markham (2005) New species and records of Bopyridae (Crustacea : Isopoda) infesting species of the genus Upogebia (Crustacea : Decapoda : Upogebiidae): the genus Progebiophilus Codreanu & Codreanu, 1963; and remarks on Phyllodurus Stimpson, 1857. Proceedings of the Biological Society of Washington, 118(1): 84-95	http://dx.doi.org/10.2988/0006-324X(2005)118[84:NSAROB]2.0.CO;2	604aaa6046dc41861a9c797b28ffd576
1771793	urn:lsid:organismnames.com:name:1771793	http://purl.org/dc/dcmitype/Text	http://eol.org/schema/eol_info_items.xml#Taxonomy	4	Expert	New species and records of Bopyridae (Crustacea : Isopoda) infesting species of the genus Upogebia (Crustacea : Decapoda : Upogebiidae): the genus Progebiophilus Codreanu & Codreanu, 1963; and remarks on Phyllodurus Stimpson, 1857	Original description of "<i>Progebiophilus kensleyi</i>" published in http://dx.doi.org/10.2988/0006-324X(2005)118[84:NSAROB]2.0.CO;2.	2005	John C Markham (2005) New species and records of Bopyridae (Crustacea : Isopoda) infesting species of the genus Upogebia (Crustacea : Decapoda : Upogebiidae): the genus Progebiophilus Codreanu & Codreanu, 1963; and remarks on Phyllodurus Stimpson, 1857. Proceedings of the Biological Society of Washington, 118(1): 84-95	http://dx.doi.org/10.2988/0006-324X(2005)118[84:NSAROB]2.0.CO;2	604aaa6046dc41861a9c797b28ffd576
4348862	urn:lsid:organismnames.com:name:4348862	http://purl.org/dc/dcmitype/Text	http://eol.org/schema/eol_info_items.xml#Taxonomy	4	Expert	New records of pseudionine bopyrid isopods, including two new species and one new genus, infesting porcellanid crabs (Decapoda: Anomura) on the Pacific coast of North and Central America	Original description of "<i>Aporobopyrus bourdonis</i>" published in http://dx.doi.org/10.3160/0038-3872-107.3.145.	2008	John C Markham (2008) New records of pseudionine bopyrid isopods, including two new species and one new genus, infesting porcellanid crabs (Decapoda: Anomura) on the Pacific coast of North and Central America. Bulletin Southern California Academy of Sciences, 107(3): 145-157	http://dx.doi.org/10.3160/0038-3872-107.3.145	0c115cb5316be5ec8c44dd19814e6644
4348865	urn:lsid:organismnames.com:name:4348865	http://purl.org/dc/dcmitype/Text	http://eol.org/schema/eol_info_items.xml#Taxonomy	4	Expert	New records of pseudionine bopyrid isopods, including two new species and one new genus, infesting porcellanid crabs (Decapoda: Anomura) on the Pacific coast of North and Central America	Original description of "<i>Discomorphus</i>" published in http://dx.doi.org/10.3160/0038-3872-107.3.145.	2008	John C Markham (2008) New records of pseudionine bopyrid isopods, including two new species and one new genus, infesting porcellanid crabs (Decapoda: Anomura) on the Pacific coast of North and Central America. Bulletin Southern California Academy of Sciences, 107(3): 145-157	http://dx.doi.org/10.3160/0038-3872-107.3.145	0c115cb5316be5ec8c44dd19814e6644
4348866	urn:lsid:organismnames.com:name:4348866	http://purl.org/dc/dcmitype/Text	http://eol.org/schema/eol_info_items.xml#Taxonomy	4	Expert	New records of pseudionine bopyrid isopods, including two new species and one new genus, infesting porcellanid crabs (Decapoda: Anomura) on the Pacific coast of North and Central America	Original description of "<i>Discomorphus magnifoliatus</i>" published in http://dx.doi.org/10.3160/0038-3872-107.3.145.	2008	John C Markham (2008) New records of pseudionine bopyrid isopods, including two new species and one new genus, infesting porcellanid crabs (Decapoda: Anomura) on the Pacific coast of North and Central America. Bulletin Southern California Academy of Sciences, 107(3): 145-157	http://dx.doi.org/10.3160/0038-3872-107.3.145	0c115cb5316be5ec8c44dd19814e6644
4489968	urn:lsid:organismnames.com:name:4489968	http://purl.org/dc/dcmitype/Text	http://eol.org/schema/eol_info_items.xml#Taxonomy	4	Expert	The isopod parasites (Crustacea: Isopoda: Bopyridae) of decapod Crustacea of Queensland, Australia, with descriptions of three new species	Original description of "<i>Athelges ankistron</i>".	2010	(2010) The isopod parasites (Crustacea: Isopoda: Bopyridae) of decapod Crustacea of Queensland, Australia, with descriptions of three new species. Memoirs of the Queensland Museum, 54(3): 151-197		a03b80e95ab39ec0b1e0f028cde3ef08
4489969	urn:lsid:organismnames.com:name:4489969	http://purl.org/dc/dcmitype/Text	http://eol.org/schema/eol_info_items.xml#Taxonomy	4	Expert	The isopod parasites (Crustacea: Isopoda: Bopyridae) of decapod Crustacea of Queensland, Australia, with descriptions of three new species	Original description of "<i>Diplophryxus negrimaculatus</i>".	2010	(2010) The isopod parasites (Crustacea: Isopoda: Bopyridae) of decapod Crustacea of Queensland, Australia, with descriptions of three new species. Memoirs of the Queensland Museum, 54(3): 151-197		a03b80e95ab39ec0b1e0f028cde3ef08
4489970	urn:lsid:organismnames.com:name:4489970	http://purl.org/dc/dcmitype/Text	http://eol.org/schema/eol_info_items.xml#Taxonomy	4	Expert	The isopod parasites (Crustacea: Isopoda: Bopyridae) of decapod Crustacea of Queensland, Australia, with descriptions of three new species	Original description of "<i>Scyracepon australiana</i>".	2010	(2010) The isopod parasites (Crustacea: Isopoda: Bopyridae) of decapod Crustacea of Queensland, Australia, with descriptions of three new species. Memoirs of the Queensland Museum, 54(3): 151-197		a03b80e95ab39ec0b1e0f028cde3ef08
2004687	urn:lsid:organismnames.com:name:2004687	http://purl.org/dc/dcmitype/Text	http://eol.org/schema/eol_info_items.xml#Taxonomy	4	Expert	Ostracoda as indicators of vertebrate environments in the Middle Eocene Guys Hill Formation of Jamaica	Original description of "<i>Cythereis? iturraldei</i>".	2008	(2008) Ostracoda as indicators of vertebrate environments in the Middle Eocene Guys Hill Formation of Jamaica. Micropaleontology (New York), 54(2): 139-158		cdf7d30242c271bda80ba99f8f12bc9c
2004688	urn:lsid:organismnames.com:name:2004688	http://purl.org/dc/dcmitype/Text	http://eol.org/schema/eol_info_items.xml#Taxonomy	4	Expert	Ostracoda as indicators of vertebrate environments in the Middle Eocene Guys Hill Formation of Jamaica	Original description of "<i>Cytherelloidea nebuloreticulata</i>".	2008	(2008) Ostracoda as indicators of vertebrate environments in the Middle Eocene Guys Hill Formation of Jamaica. Micropaleontology (New York), 54(2): 139-158		cdf7d30242c271bda80ba99f8f12bc9c
2004689	urn:lsid:organismnames.com:name:2004689	http://purl.org/dc/dcmitype/Text	http://eol.org/schema/eol_info_items.xml#Taxonomy	4	Expert	Ostracoda as indicators of vertebrate environments in the Middle Eocene Guys Hill Formation of Jamaica	Original description of "<i>Hemicythere elongata</i>".	2008	(2008) Ostracoda as indicators of vertebrate environments in the Middle Eocene Guys Hill Formation of Jamaica. Micropaleontology (New York), 54(2): 139-158		cdf7d30242c271bda80ba99f8f12bc9c
2004690	urn:lsid:organismnames.com:name:2004690	http://purl.org/dc/dcmitype/Text	http://eol.org/schema/eol_info_items.xml#Taxonomy	4	Expert	Ostracoda as indicators of vertebrate environments in the Middle Eocene Guys Hill Formation of Jamaica	Original description of "<i>Orionina anteroexposita</i>".	2008	(2008) Ostracoda as indicators of vertebrate environments in the Middle Eocene Guys Hill Formation of Jamaica. Micropaleontology (New York), 54(2): 139-158		cdf7d30242c271bda80ba99f8f12bc9c
2004691	urn:lsid:organismnames.com:name:2004691	http://purl.org/dc/dcmitype/Text	http://eol.org/schema/eol_info_items.xml#Taxonomy	4	Expert	Ostracoda as indicators of vertebrate environments in the Middle Eocene Guys Hill Formation of Jamaica	Original description of "<i>Paracytheridea inflata</i>".	2008	(2008) Ostracoda as indicators of vertebrate environments in the Middle Eocene Guys Hill Formation of Jamaica. Micropaleontology (New York), 54(2): 139-158		cdf7d30242c271bda80ba99f8f12bc9c
2004692	urn:lsid:organismnames.com:name:2004692	http://purl.org/dc/dcmitype/Text	http://eol.org/schema/eol_info_items.xml#Taxonomy	4	Expert	Ostracoda as indicators of vertebrate environments in the Middle Eocene Guys Hill Formation of Jamaica	Original description of "<i>Paracytheridea jamaicaensis</i>".	2008	(2008) Ostracoda as indicators of vertebrate environments in the Middle Eocene Guys Hill Formation of Jamaica. Micropaleontology (New York), 54(2): 139-158		cdf7d30242c271bda80ba99f8f12bc9c
2004693	urn:lsid:organismnames.com:name:2004693	http://purl.org/dc/dcmitype/Text	http://eol.org/schema/eol_info_items.xml#Taxonomy	4	Expert	Ostracoda as indicators of vertebrate environments in the Middle Eocene Guys Hill Formation of Jamaica	Original description of "<i>Quadracythere polycosta</i>".	2008	(2008) Ostracoda as indicators of vertebrate environments in the Middle Eocene Guys Hill Formation of Jamaica. Micropaleontology (New York), 54(2): 139-158		cdf7d30242c271bda80ba99f8f12bc9c
2004694	urn:lsid:organismnames.com:name:2004694	http://purl.org/dc/dcmitype/Text	http://eol.org/schema/eol_info_items.xml#Taxonomy	4	Expert	Ostracoda as indicators of vertebrate environments in the Middle Eocene Guys Hill Formation of Jamaica	Original description of "<i>Quadracythere robusta</i>".	2008	(2008) Ostracoda as indicators of vertebrate environments in the Middle Eocene Guys Hill Formation of Jamaica. Micropaleontology (New York), 54(2): 139-158		cdf7d30242c271bda80ba99f8f12bc9c
